{
  "buildCommand": "npm run build",
  "outputDirectory": "dist/public",
  "rewrites": [
    {
      "source": "/(.*)",
      "destination": "/index.html"
    }
  ],
  "headers": [
    {
      "source": "/data/(.*)",
      "headers": [
        {
          "key": "Content-Type",
          "value": "application/json"
        },
        {
          "key": "Cache-Control",
          "value": "public, max-age=3600"
        }
      ]
    },
    {
      "source": "/assets/(.*)",
      "headers": [
        {
          "key": "Cache-Control",
          "value": "public, max-age=31536000, immutable"
        }
      ]
    },
    {
      "source": "/index.html",
      "headers": [
        {
          "key": "Cache-Control",
          "value": "no-cache, no-store, must-revalidate"
        }
      ]
    }
  ]
}